{"cameraMode":{"drawMode":0,"name":"Shaded","section":"Shading Mode"},"sceneLighting":false,"audioPlay":false,"sceneViewState":{"showFog":true,"showMaterialUpdate":false,"showSkybox":true,"showFlares":true,"showImageEffects":true,"showParticleSystems":true},"in2DMode":false,"pivot":{"x":1.309999942779541,"y":0.0,"z":1.4800000190734864},"rotation":{"x":0.6085940003395081,"y":-0.04989888519048691,"z":0.03839373216032982,"w":0.7909800410270691},"size":3.4933948516845705,"orthographic":false}