{"cameraMode":{"drawMode":0,"name":"Shaded","section":"Shading Mode"},"sceneLighting":false,"audioPlay":false,"sceneViewState":{"showFog":true,"showMaterialUpdate":false,"showSkybox":true,"showFlares":true,"showImageEffects":true,"showParticleSystems":true},"in2DMode":false,"pivot":{"x":-23.923633575439454,"y":-10.627187728881836,"z":5.625026702880859},"rotation":{"x":-0.00393733149394393,"y":0.7232294678688049,"z":-0.6905843615531921,"w":-0.0041241105645895},"size":22.0,"orthographic":false}