{"cameraMode":{"drawMode":0,"name":"Shaded","section":"Shading Mode"},"sceneLighting":false,"audioPlay":false,"sceneViewState":{"showFog":true,"showMaterialUpdate":false,"showSkybox":true,"showFlares":true,"showImageEffects":true,"showParticleSystems":true},"in2DMode":false,"pivot":{"x":0.0,"y":-0.2936880588531494,"z":27.352001190185548},"rotation":{"x":0.5155027508735657,"y":0.16855481266975404,"z":-0.10422807931900025,"w":0.8336562514305115},"size":9.737825393676758,"orthographic":false}