{"cameraMode":{"drawMode":0,"name":"Shaded","section":"Shading Mode"},"sceneLighting":false,"audioPlay":false,"sceneViewState":{"showFog":true,"showMaterialUpdate":false,"showSkybox":true,"showFlares":true,"showImageEffects":true,"showParticleSystems":true},"in2DMode":false,"pivot":{"x":-0.13046503067016602,"y":28.76529884338379,"z":0.975644588470459},"rotation":{"x":0.22409892082214356,"y":0.590079128742218,"z":-0.17500290274620057,"w":0.7556191086769104},"size":26.563621520996095,"orthographic":false}