{"cameraMode":{"drawMode":0,"name":"Shaded","section":"Shading Mode"},"sceneLighting":false,"audioPlay":false,"sceneViewState":{"showFog":true,"showMaterialUpdate":false,"showSkybox":true,"showFlares":true,"showImageEffects":true,"showParticleSystems":true},"in2DMode":false,"pivot":{"x":1.2792599201202393,"y":-0.46198344230651858,"z":-0.6441211700439453},"rotation":{"x":0.2021726369857788,"y":0.24384522438049317,"z":-0.05205294117331505,"w":0.9470778107643127},"size":11.479986190795899,"orthographic":false}