{"cameraMode":{"drawMode":0,"name":"Shaded","section":"Shading Mode"},"sceneLighting":false,"audioPlay":false,"sceneViewState":{"showFog":true,"showMaterialUpdate":false,"showSkybox":true,"showFlares":true,"showImageEffects":true,"showParticleSystems":true},"in2DMode":false,"pivot":{"x":0.0,"y":0.5899999737739563,"z":1.0800000429153443},"rotation":{"x":-0.018657607957720758,"y":-0.33645638823509219,"z":0.006660172715783119,"w":-0.941490650177002},"size":1.169969916343689,"orthographic":false}