{"cameraMode":{"drawMode":0,"name":"Shaded","section":"Shading Mode"},"sceneLighting":false,"audioPlay":false,"sceneViewState":{"showFog":true,"showMaterialUpdate":false,"showSkybox":true,"showFlares":true,"showImageEffects":true,"showParticleSystems":true},"in2DMode":false,"pivot":{"x":-0.27337390184402468,"y":0.9157050251960754,"z":5.1460113525390629},"rotation":{"x":-0.3129250705242157,"y":-0.6817286610603333,"z":0.516431987285614,"w":-0.41306424140930178},"size":1.4392802715301514,"orthographic":false}