{"cameraMode":{"drawMode":0,"name":"Shaded","section":"Shading Mode"},"sceneLighting":true,"audioPlay":false,"sceneViewState":{"showFog":true,"showMaterialUpdate":false,"showSkybox":true,"showFlares":true,"showImageEffects":true,"showParticleSystems":true},"in2DMode":false,"pivot":{"x":114.46617889404297,"y":0.17312030494213105,"z":75.25568389892578},"rotation":{"x":-0.5964166522026062,"y":-0.3210631012916565,"z":0.2817556858062744,"w":-0.6795730590820313},"size":268.4537048339844,"orthographic":false}